"lag","mean","q25","q75","n_events","elev_zone","elev_band"
-6,0.0847233702587797,-0.441572692625911,0.713060607213628,26,1,"<500 m"
-5,0.067443069051408,-0.337097068337651,0.621184904433651,26,1,"<500 m"
-4,0.0424507062720981,-0.692732606284074,0.646231359114201,26,1,"<500 m"
-3,0.0534640343471878,-0.300313496991991,0.450303534956428,26,1,"<500 m"
-2,0.130784754573994,-0.473780598368733,0.771153741777394,26,1,"<500 m"
-1,0.197692952303187,-0.330624928460063,0.847562882767757,26,1,"<500 m"
0,0.236282904991313,-0.319767055349279,0.810154639305835,26,1,"<500 m"
1,0.174294766272619,-0.401074834850211,0.702047500499642,26,1,"<500 m"
2,0.173189212893612,-0.163528235779924,0.621184904433651,26,1,"<500 m"
3,0.140304112173449,-0.0363942446102101,0.626129534130794,26,1,"<500 m"
4,0.195554124878331,-0.0731785233219652,0.776947602101073,26,1,"<500 m"
5,0.19875084548289,-0.301936156489509,0.828083199771763,26,1,"<500 m"
6,0.195340899435695,-0.291797466315718,0.866014711804136,26,1,"<500 m"
7,0.215729593692962,-0.1801734181886,0.776947602101073,26,1,"<500 m"
8,0.167395007562593,-0.0741783987898993,0.785663369109553,26,1,"<500 m"
9,0.172048822755866,-0.149166389264815,0.584569278850394,26,1,"<500 m"
10,0.203849805004855,-0.137834464449771,0.810990132599214,26,1,"<500 m"
11,0.15455308120584,-0.337097068337651,0.822831264062316,26,1,"<500 m"
12,0.206528342698213,-0.445317579429047,0.925155106740628,26,1,"<500 m"
-6,0.0723115777865396,-0.27072153452424,0.525420793230416,26,2,"500–1500 m"
-5,0.0585621317764029,-0.285081967530985,0.399821660130089,26,2,"500–1500 m"
-4,0.0666562951481195,-0.264463950446767,0.392369972661973,26,2,"500–1500 m"
-3,0.0878860256636415,-0.290544737682214,0.57189062636706,26,2,"500–1500 m"
-2,0.107756762266574,-0.188630326383696,0.406354586257199,26,2,"500–1500 m"
-1,0.14665630709091,-0.14969594029506,0.512826674365618,26,2,"500–1500 m"
0,0.150548400063035,-0.289513725919194,0.519389099412257,26,2,"500–1500 m"
1,0.15473362310353,-0.191303457763566,0.646954391576429,26,2,"500–1500 m"
2,0.131902758856244,-0.118911470536896,0.682557871905866,26,2,"500–1500 m"
3,0.0374178384805981,-0.191290897398475,0.554586663004158,26,2,"500–1500 m"
4,0.0528649819426853,-0.171795958070824,0.463904624829601,26,2,"500–1500 m"
5,0.0492923742307822,-0.202737345778534,0.489605315238742,26,2,"500–1500 m"
6,0.115554881168487,-0.139198590583256,0.628624289771514,26,2,"500–1500 m"
7,0.165080667810638,-0.203996933377577,0.541272416406339,26,2,"500–1500 m"
8,0.161073093765508,-0.0352452164634496,0.548452726626688,26,2,"500–1500 m"
9,0.0788076004245818,-0.0413329145789769,0.447327624667194,26,2,"500–1500 m"
10,0.0339548071764392,-0.254115827877555,0.502202447172892,26,2,"500–1500 m"
11,0.0641171596575494,-0.0745762854381955,0.585328362459105,26,2,"500–1500 m"
12,0.085406387976267,-0.0842543191124788,0.57804076985338,26,2,"500–1500 m"
-6,0.145304304982612,-0.165260002620264,0.515360578957863,29,3,"1500–2500 m"
-5,0.113744556660904,-0.247377376091122,0.347683578156188,29,3,"1500–2500 m"
-4,0.174912570022512,-0.114614712611114,0.467496572331211,29,3,"1500–2500 m"
-3,0.21644189376688,-0.222227865442064,0.668337316244329,29,3,"1500–2500 m"
-2,0.229672751461441,-0.163430323277581,0.531061972058092,29,3,"1500–2500 m"
-1,0.187394647554852,-0.147583585310233,0.736368825619493,29,3,"1500–2500 m"
0,0.124018039340628,-0.541496177154063,0.688290347348692,29,3,"1500–2500 m"
1,0.14692814009353,-0.442923982505934,0.668337316244329,29,3,"1500–2500 m"
2,0.166243807911717,-0.430218572346838,0.791658284296979,29,3,"1500–2500 m"
3,0.0370681743958094,-0.322768355739598,0.616978939750241,29,3,"1500–2500 m"
4,-0.00234206227631107,-0.557009011135493,0.517082269228687,29,3,"1500–2500 m"
5,-0.00718589012517474,-0.390004560617416,0.458956424655474,29,3,"1500–2500 m"
6,0.108388754985529,-0.247377376091122,0.709535183919624,29,3,"1500–2500 m"
7,0.292000036493899,0.0337764742227961,0.717960763766605,29,3,"1500–2500 m"
8,0.28754952805505,0.121635721595516,0.668337316244329,29,3,"1500–2500 m"
9,0.155300362528541,-0.0829845247292767,0.508577358079624,29,3,"1500–2500 m"
10,0.0298511105683089,-0.148371519480483,0.492856085640679,29,3,"1500–2500 m"
11,0.032633915518941,-0.13350828603115,0.515360578957863,29,3,"1500–2500 m"
12,0.0903767742632007,-0.140457143942676,0.515059615667637,29,3,"1500–2500 m"
-6,0.249994368379305,0.145299162030625,0.778939950799769,25,4,"2500–3500 m"
-5,0.172522371845257,0.00791922526989022,0.682858294661494,25,4,"2500–3500 m"
-4,0.281080705954711,0.231918797176376,0.772464252545839,25,4,"2500–3500 m"
-3,0.331390166120973,0.254629121314347,0.818352282362924,25,4,"2500–3500 m"
-2,0.303854361907931,0.135596247668063,0.795511872244457,25,4,"2500–3500 m"
-1,0.322657131595703,-0.186893637241915,0.798623870207858,25,4,"2500–3500 m"
0,0.300272747295466,0.089206417442042,0.863018116649755,25,4,"2500–3500 m"
1,0.313306422481455,0.103242858958419,0.772464252545839,25,4,"2500–3500 m"
2,0.383704519526933,0.269980042736176,0.798623870207858,25,4,"2500–3500 m"
3,0.285463006094834,0.346371957218585,0.771201740691242,25,4,"2500–3500 m"
4,0.213985638092709,0.0220253877728643,0.788732648873752,25,4,"2500–3500 m"
5,0.251668544149588,0.215613870454128,0.751400169594081,25,4,"2500–3500 m"
6,0.330617165676344,0.14579907006673,0.788732648873752,25,4,"2500–3500 m"
7,0.333417565204602,0.268334294832398,0.882799189022695,25,4,"2500–3500 m"
8,0.318672715445548,0.226725451883575,0.818821043810923,25,4,"2500–3500 m"
9,0.270867928828435,0.135596247668063,0.763413682739966,25,4,"2500–3500 m"
10,0.259657840900327,0.0948030451148233,0.848857187972887,25,4,"2500–3500 m"
11,0.240924094758618,0.107203551237305,0.786079323317045,25,4,"2500–3500 m"
12,0.310614084406625,0.135596247668063,0.766545032581964,25,4,"2500–3500 m"
-6,-0.208232610938603,-0.641375077336856,0.314245311464645,22,5,">=3500 m"
-5,-0.225968424614057,-0.556772372251194,0.205112124995837,22,5,">=3500 m"
-4,-0.0983577067113178,-0.320411271879862,0.337356698157267,22,5,">=3500 m"
-3,-0.00763716439243309,-0.1455660228399,0.241361714226817,22,5,">=3500 m"
-2,-0.165465097895137,-0.469093526532351,0.112939083620497,22,5,">=3500 m"
-1,-0.147853401984733,-0.334647694328364,0.148889549540325,22,5,">=3500 m"
0,-0.108112396697511,-0.398349269297915,0.361315631954295,22,5,">=3500 m"
1,-0.00873242414671511,-0.31315862002115,0.320175901158954,22,5,">=3500 m"
2,-0.0643484138705825,-0.467575859795596,0.385623894509913,22,5,">=3500 m"
3,-0.12393907001509,-0.450259025790347,0.326849427930948,22,5,">=3500 m"
4,-0.202477158250694,-0.465430164083087,0.134172355013352,22,5,">=3500 m"
5,-0.131186615935867,-0.472962586123238,0.398689897512931,22,5,">=3500 m"
6,-0.108895378203766,-0.479080918360877,0.233869229176176,22,5,">=3500 m"
7,-0.168350950633886,-0.307660748615157,0.20942289960967,22,5,">=3500 m"
8,-0.136104066348217,-0.242336359021972,0.0527002650756104,22,5,">=3500 m"
9,-0.0325239126535294,-0.401265866037915,0.238373945199995,22,5,">=3500 m"
10,-0.0989158890705719,-0.401697663108129,0.26032540876331,22,5,">=3500 m"
11,-0.327551084842962,-0.555023408782627,-0.0986253139063104,22,5,">=3500 m"
12,-0.233871589867446,-0.631570469610724,0.204511052795597,22,5,">=3500 m"
